DROP TABLE CUSTOMERS CASCADE CONSTRAINTS;

DROP TABLE ORDERS CASCADE CONSTRAINTS;

DROP TABLE PUBLISHER CASCADE CONSTRAINTS;

DROP TABLE AUTHOR CASCADE CONSTRAINTS;

DROP TABLE BOOKS CASCADE CONSTRAINTS;

DROP TABLE ORDERITEMS CASCADE CONSTRAINTS;

DROP TABLE BOOKAUTHOR CASCADE CONSTRAINTS;

DROP TABLE PROMOTION CASCADE CONSTRAINTS;

DROP TABLE ACCTMANAGER CASCADE CONSTRAINTS;

DROP TABLE ACCTBONUS CASCADE CONSTRAINTS;

DROP TABLE TESTING;

CREATE TABLE CUSTOMERS (
  CUSTOMER# NUMBER(4),
  LASTNAME VARCHAR2(10) NOT NULL,
  FIRSTNAME VARCHAR2(10) NOT NULL,
  ADDRESS VARCHAR2(20),
  CITY VARCHAR2(12),
  STATE VARCHAR2(2),
  ZIP VARCHAR2(5),
  REFERRED NUMBER(4),
  REGION CHAR(2),
  EMAIL VARCHAR2(30),
  CONSTRAINT CUSTOMERS_CUSTOMER#_PK PRIMARY KEY(CUSTOMER#),
  CONSTRAINT CUSTOMERS_REGION_CK CHECK (REGION IN ('N', 'NW', 'NE', 'S', 'SE', 'SW', 'W', 'E'))
);

INSERT INTO CUSTOMERS VALUES (
  1001,
  'MORALES',
  'BONITA',
  'P.O. BOX 651',
  'EASTPOINT',
  'FL',
  '32328',
  NULL,
  'SE',
  'bm225@sat.net'
);

INSERT INTO CUSTOMERS VALUES (
  1002,
  'THOMPSON',
  'RYAN',
  'P.O. BOX 9835',
  'SANTA MONICA',
  'CA',
  '90404',
  NULL,
  'W',
  NULL
);

INSERT INTO CUSTOMERS VALUES (
  1003,
  'SMITH',
  'LEILA',
  'P.O. BOX 66',
  'TALLAHASSEE',
  'FL',
  '32306',
  NULL,
  'SE',
  NULL
);

INSERT INTO CUSTOMERS VALUES (
  1004,
  'PIERSON',
  'THOMAS',
  '69821 SOUTH AVENUE',
  'BOISE',
  'ID',
  '83707',
  NULL,
  'NW',
  'tpier55@sat.net'
);

INSERT INTO CUSTOMERS VALUES (
  1005,
  'GIRARD',
  'CINDY',
  'P.O. BOX 851',
  'SEATTLE',
  'WA',
  '98115',
  NULL,
  'NW',
  'cing101@zep.net'
);

INSERT INTO CUSTOMERS VALUES (
  1006,
  'CRUZ',
  'MESHIA',
  '82 DIRT ROAD',
  'ALBANY',
  'NY',
  '12211',
  NULL,
  'NE',
  'cruztop@axe.com'
);

INSERT INTO CUSTOMERS VALUES (
  1007,
  'GIANA',
  'TAMMY',
  '9153 MAIN STREET',
  'AUSTIN',
  'TX',
  '78710',
  1003,
  'SW',
  'treetop@zep.net'
);

INSERT INTO CUSTOMERS VALUES (
  1008,
  'JONES',
  'KENNETH',
  'P.O. BOX 137',
  'CHEYENNE',
  'WY',
  '82003',
  NULL,
  'N',
  'kenask@sat.net'
);

INSERT INTO CUSTOMERS VALUES (
  1009,
  'PEREZ',
  'JORGE',
  'P.O. BOX 8564',
  'BURBANK',
  'CA',
  '91510',
  1003,
  'W',
  'jperez@canet.com'
);

INSERT INTO CUSTOMERS VALUES (
  1010,
  'LUCAS',
  'JAKE',
  '114 EAST SAVANNAH',
  'ATLANTA',
  'GA',
  '30314',
  NULL,
  'SE',
  NULL
);

INSERT INTO CUSTOMERS VALUES (
  1011,
  'MCGOVERN',
  'REESE',
  'P.O. BOX 18',
  'CHICAGO',
  'IL',
  '60606',
  NULL,
  'N',
  'reesemc@sat.net'
);

INSERT INTO CUSTOMERS VALUES (
  1012,
  'MCKENZIE',
  'WILLIAM',
  'P.O. BOX 971',
  'BOSTON',
  'MA',
  '02110',
  NULL,
  'NE',
  'will2244@axe.net'
);

INSERT INTO CUSTOMERS VALUES (
  1013,
  'NGUYEN',
  'NICHOLAS',
  '357 WHITE EAGLE AVE.',
  'CLERMONT',
  'FL',
  '34711',
  1006,
  'SE',
  'nguy33@sat.net'
);

INSERT INTO CUSTOMERS VALUES (
  1014,
  'LEE',
  'JASMINE',
  'P.O. BOX 2947',
  'CODY',
  'WY',
  '82414',
  NULL,
  'N',
  'jaslee@sat.net'
);

INSERT INTO CUSTOMERS VALUES (
  1015,
  'SCHELL',
  'STEVE',
  'P.O. BOX 677',
  'MIAMI',
  'FL',
  '33111',
  NULL,
  'SE',
  'sschell3@sat.net'
);

INSERT INTO CUSTOMERS VALUES (
  1016,
  'DAUM',
  'MICHELL',
  '9851231 LONG ROAD',
  'BURBANK',
  'CA',
  '91508',
  1010,
  'W',
  NULL
);

INSERT INTO CUSTOMERS VALUES (
  1017,
  'NELSON',
  'BECCA',
  'P.O. BOX 563',
  'KALMAZOO',
  'MI',
  '49006',
  NULL,
  'N',
  'becca88@digs.com'
);

INSERT INTO CUSTOMERS VALUES (
  1018,
  'MONTIASA',
  'GREG',
  '1008 GRAND AVENUE',
  'MACON',
  'GA',
  '31206',
  NULL,
  'SE',
  'greg336@sat.net'
);

INSERT INTO CUSTOMERS VALUES (
  1019,
  'SMITH',
  'JENNIFER',
  'P.O. BOX 1151',
  'MORRISTOWN',
  'NJ',
  '07962',
  1003,
  'NE',
  NULL
);

INSERT INTO CUSTOMERS VALUES (
  1020,
  'FALAH',
  'KENNETH',
  'P.O. BOX 335',
  'TRENTON',
  'NJ',
  '08607',
  NULL,
  'NE',
  'Kfalah@sat.net'
);

CREATE TABLE ORDERS (
  ORDER# NUMBER(4),
  CUSTOMER# NUMBER(4),
  ORDERDATE DATE NOT NULL,
  SHIPDATE DATE,
  SHIPSTREET VARCHAR2(18),
  SHIPCITY VARCHAR2(15),
  SHIPSTATE VARCHAR2(2),
  SHIPZIP VARCHAR2(5),
  SHIPCOST NUMBER(4, 2),
  CONSTRAINT ORDERS_ORDER#_PK PRIMARY KEY(ORDER#),
  CONSTRAINT ORDERS_CUSTOMER#_FK FOREIGN KEY (CUSTOMER#) REFERENCES CUSTOMERS(CUSTOMER#)
);

INSERT INTO ORDERS VALUES (
  1000,
  1005,
  '31-MAR-09',
  '02-APR-09',
  '1201 ORANGE AVE',
  'SEATTLE',
  'WA',
  '98114',
  2.00
);

INSERT INTO ORDERS VALUES (
  1001,
  1010,
  '31-MAR-09',
  '01-APR-09',
  '114 EAST SAVANNAH',
  'ATLANTA',
  'GA',
  '30314',
  3.00
);

INSERT INTO ORDERS VALUES (
  1002,
  1011,
  '31-MAR-09',
  '01-APR-09',
  '58 TILA CIRCLE',
  'CHICAGO',
  'IL',
  '60605',
  3.00
);

INSERT INTO ORDERS VALUES (
  1003,
  1001,
  '01-APR-09',
  '01-APR-09',
  '958 MAGNOLIA LANE',
  'EASTPOINT',
  'FL',
  '32328',
  4.00
);

INSERT INTO ORDERS VALUES (
  1004,
  1020,
  '01-APR-09',
  '05-APR-09',
  '561 ROUNDABOUT WAY',
  'TRENTON',
  'NJ',
  '08601',
  NULL
);

INSERT INTO ORDERS VALUES (
  1005,
  1018,
  '01-APR-09',
  '02-APR-09',
  '1008 GRAND AVENUE',
  'MACON',
  'GA',
  '31206',
  2.00
);

INSERT INTO ORDERS VALUES (
  1006,
  1003,
  '01-APR-09',
  '02-APR-09',
  '558A CAPITOL HWY.',
  'TALLAHASSEE',
  'FL',
  '32307',
  2.00
);

INSERT INTO ORDERS VALUES (
  1007,
  1007,
  '02-APR-09',
  '04-APR-09',
  '9153 MAIN STREET',
  'AUSTIN',
  'TX',
  '78710',
  7.00
);

INSERT INTO ORDERS VALUES (
  1008,
  1004,
  '02-APR-09',
  '03-APR-09',
  '69821 SOUTH AVENUE',
  'BOISE',
  'ID',
  '83707',
  3.00
);

INSERT INTO ORDERS VALUES (
  1009,
  1005,
  '03-APR-09',
  '05-APR-09',
  '9 LIGHTENING RD.',
  'SEATTLE',
  'WA',
  '98110',
  NULL
);

INSERT INTO ORDERS VALUES (
  1010,
  1019,
  '03-APR-09',
  '04-APR-09',
  '384 WRONG WAY HOME',
  'MORRISTOWN',
  'NJ',
  '07960',
  2.00
);

INSERT INTO ORDERS VALUES (
  1011,
  1010,
  '03-APR-09',
  '05-APR-09',
  '102 WEST LAFAYETTE',
  'ATLANTA',
  'GA',
  '30311',
  2.00
);

INSERT INTO ORDERS VALUES (
  1012,
  1017,
  '03-APR-09',
  NULL,
  '1295 WINDY AVENUE',
  'KALMAZOO',
  'MI',
  '49002',
  6.00
);

INSERT INTO ORDERS VALUES (
  1013,
  1014,
  '03-APR-09',
  '04-APR-09',
  '7618 MOUNTAIN RD.',
  'CODY',
  'WY',
  '82414',
  2.00
);

INSERT INTO ORDERS VALUES (
  1014,
  1007,
  '04-APR-09',
  '05-APR-09',
  '9153 MAIN STREET',
  'AUSTIN',
  'TX',
  '78710',
  3.00
);

INSERT INTO ORDERS VALUES (
  1015,
  1020,
  '04-APR-09',
  NULL,
  '557 GLITTER ST.',
  'TRENTON',
  'NJ',
  '08606',
  2.00
);

INSERT INTO ORDERS VALUES (
  1016,
  1003,
  '04-APR-09',
  NULL,
  '9901 SEMINOLE WAY',
  'TALLAHASSEE',
  'FL',
  '32307',
  2.00
);

INSERT INTO ORDERS VALUES (
  1017,
  1015,
  '04-APR-09',
  '05-APR-09',
  '887 HOT ASPHALT ST',
  'MIAMI',
  'FL',
  '33112',
  3.00
);

INSERT INTO ORDERS VALUES (
  1018,
  1001,
  '05-APR-09',
  NULL,
  '95812 HIGHWAY 98',
  'EASTPOINT',
  'FL',
  '32328',
  NULL
);

INSERT INTO ORDERS VALUES (
  1019,
  1018,
  '05-APR-09',
  NULL,
  '1008 GRAND AVENUE',
  'MACON',
  'GA',
  '31206',
  2.00
);

INSERT INTO ORDERS VALUES (
  1020,
  1008,
  '05-APR-09',
  NULL,
  '195 JAMISON LANE',
  'CHEYENNE',
  'WY',
  '82003',
  2.00
);

CREATE TABLE PUBLISHER (
  PUBID NUMBER(2),
  NAME VARCHAR2(23),
  CONTACT VARCHAR2(15),
  PHONE VARCHAR2(12),
  CONSTRAINT PUBLISHER_PUBID_PK PRIMARY KEY(PUBID)
);

INSERT INTO PUBLISHER VALUES(
  1,
  'PRINTING IS US',
  'TOMMIE SEYMOUR',
  '000-714-8321'
);

INSERT INTO PUBLISHER VALUES(
  2,
  'PUBLISH OUR WAY',
  'JANE TOMLIN',
  '010-410-0010'
);

INSERT INTO PUBLISHER VALUES(
  3,
  'AMERICAN PUBLISHING',
  'DAVID DAVIDSON',
  '800-555-1211'
);

INSERT INTO PUBLISHER VALUES(
  4,
  'READING MATERIALS INC.',
  'RENEE SMITH',
  '800-555-9743'
);

INSERT INTO PUBLISHER VALUES(
  5,
  'REED-N-RITE',
  'SEBASTIAN JONES',
  '800-555-8284'
);

CREATE TABLE AUTHOR (
  AUTHORID VARCHAR2(4),
  LNAME VARCHAR2(10),
  FNAME VARCHAR2(10),
  CONSTRAINT AUTHOR_AUTHORID_PK PRIMARY KEY(AUTHORID)
);

INSERT INTO AUTHOR VALUES (
  'S100',
  'SMITH',
  'SAM'
);

INSERT INTO AUTHOR VALUES (
  'J100',
  'JONES',
  'JANICE'
);

INSERT INTO AUTHOR VALUES (
  'A100',
  'AUSTIN',
  'JAMES'
);

INSERT INTO AUTHOR VALUES (
  'M100',
  'MARTINEZ',
  'SHEILA'
);

INSERT INTO AUTHOR VALUES (
  'K100',
  'KZOCHSKY',
  'TAMARA'
);

INSERT INTO AUTHOR VALUES (
  'P100',
  'PORTER',
  'LISA'
);

INSERT INTO AUTHOR VALUES (
  'A105',
  'ADAMS',
  'JUAN'
);

INSERT INTO AUTHOR VALUES (
  'B100',
  'BAKER',
  'JACK'
);

INSERT INTO AUTHOR VALUES (
  'P105',
  'PETERSON',
  'TINA'
);

INSERT INTO AUTHOR VALUES (
  'W100',
  'WHITE',
  'WILLIAM'
);

INSERT INTO AUTHOR VALUES (
  'W105',
  'WHITE',
  'LISA'
);

INSERT INTO AUTHOR VALUES (
  'R100',
  'ROBINSON',
  'ROBERT'
);

INSERT INTO AUTHOR VALUES (
  'F100',
  'FIELDS',
  'OSCAR'
);

INSERT INTO AUTHOR VALUES (
  'W110',
  'WILKINSON',
  'ANTHONY'
);

CREATE TABLE BOOKS (
  ISBN VARCHAR2(10),
  TITLE VARCHAR2(30),
  PUBDATE DATE,
  PUBID NUMBER (2),
  COST NUMBER (5, 2),
  RETAIL NUMBER (5, 2),
  DISCOUNT NUMBER (4, 2),
  CATEGORY VARCHAR2(12),
  CONSTRAINT BOOKS_ISBN_PK PRIMARY KEY(ISBN),
  CONSTRAINT BOOKS_PUBID_FK FOREIGN KEY (PUBID) REFERENCES PUBLISHER (PUBID)
);

INSERT INTO BOOKS VALUES (
  '1059831198',
  'BODYBUILD IN 10 MINUTES A DAY',
  '21-JAN-05',
  4,
  18.75,
  30.95,
  NULL,
  'FITNESS'
);

INSERT INTO BOOKS VALUES (
  '0401140733',
  'REVENGE OF MICKEY',
  '14-DEC-05',
  1,
  14.20,
  22.00,
  NULL,
  'FAMILY LIFE'
);

INSERT INTO BOOKS VALUES (
  '4981341710',
  'BUILDING A CAR WITH TOOTHPICKS',
  '18-MAR-06',
  2,
  37.80,
  59.95,
  3.00,
  'CHILDREN'
);

INSERT INTO BOOKS VALUES (
  '8843172113',
  'DATABASE IMPLEMENTATION',
  '04-JUN-03',
  3,
  31.40,
  55.95,
  NULL,
  'COMPUTER'
);

INSERT INTO BOOKS VALUES (
  '3437212490',
  'COOKING WITH MUSHROOMS',
  '28-FEB-04',
  4,
  12.50,
  19.95,
  NULL,
  'COOKING'
);

INSERT INTO BOOKS VALUES (
  '3957136468',
  'HOLY GRAIL OF ORACLE',
  '31-DEC-05',
  3,
  47.25,
  75.95,
  3.80,
  'COMPUTER'
);

INSERT INTO BOOKS VALUES (
  '1915762492',
  'HANDCRANKED COMPUTERS',
  '21-JAN-05',
  3,
  21.80,
  25.00,
  NULL,
  'COMPUTER'
);

INSERT INTO BOOKS VALUES (
  '9959789321',
  'E-BUSINESS THE EASY WAY',
  '01-MAR-06',
  2,
  37.90,
  54.50,
  NULL,
  'COMPUTER'
);

INSERT INTO BOOKS VALUES (
  '2491748320',
  'PAINLESS CHILD-REARING',
  '17-JUL-04',
  5,
  48.00,
  89.95,
  4.50,
  'FAMILY LIFE'
);

INSERT INTO BOOKS VALUES (
  '0299282519',
  'THE WOK WAY TO COOK',
  '11-SEP-04',
  4,
  19.00,
  28.75,
  NULL,
  'COOKING'
);

INSERT INTO BOOKS VALUES (
  '8117949391',
  'BIG BEAR AND LITTLE DOVE',
  '08-NOV-05',
  5,
  5.32,
  8.95,
  NULL,
  'CHILDREN'
);

INSERT INTO BOOKS VALUES (
  '0132149871',
  'HOW TO GET FASTER PIZZA',
  '11-NOV-06',
  4,
  17.85,
  29.95,
  1.50,
  'SELF HELP'
);

INSERT INTO BOOKS VALUES (
  '9247381001',
  'HOW TO MANAGE THE MANAGER',
  '09-MAY-03',
  1,
  15.40,
  31.95,
  NULL,
  'BUSINESS'
);

INSERT INTO BOOKS VALUES (
  '2147428890',
  'SHORTEST POEMS',
  '01-MAY-05',
  5,
  21.85,
  39.95,
  NULL,
  'LITERATURE'
);

CREATE TABLE ORDERITEMS (
  ORDER# NUMBER(4),
  ITEM# NUMBER(2),
  ISBN VARCHAR2(10),
  QUANTITY NUMBER(3) NOT NULL,
  PAIDEACH NUMBER(5, 2) NOT NULL,
  CONSTRAINT ORDERITEMS_PK PRIMARY KEY (ORDER#, ITEM#),
  CONSTRAINT ORDERITEMS_ORDER#_FK FOREIGN KEY (ORDER#) REFERENCES ORDERS (ORDER#),
  CONSTRAINT ORDERITEMS_ISBN_FK FOREIGN KEY (ISBN) REFERENCES BOOKS (ISBN),
  CONSTRAINT ODERITEMS_QUANTITY_CK CHECK (QUANTITY > 0)
);

INSERT INTO ORDERITEMS VALUES (
  1000,
  1,
  '3437212490',
  1,
  19.95
);

INSERT INTO ORDERITEMS VALUES (
  1001,
  1,
  '9247381001',
  1,
  31.95
);

INSERT INTO ORDERITEMS VALUES (
  1001,
  2,
  '2491748320',
  1,
  85.45
);

INSERT INTO ORDERITEMS VALUES (
  1002,
  1,
  '8843172113',
  2,
  55.95
);

INSERT INTO ORDERITEMS VALUES (
  1003,
  1,
  '8843172113',
  1,
  55.95
);

INSERT INTO ORDERITEMS VALUES (
  1003,
  2,
  '1059831198',
  1,
  30.95
);

INSERT INTO ORDERITEMS VALUES (
  1003,
  3,
  '3437212490',
  1,
  19.95
);

INSERT INTO ORDERITEMS VALUES (
  1004,
  1,
  '2491748320',
  2,
  85.45
);

INSERT INTO ORDERITEMS VALUES (
  1005,
  1,
  '2147428890',
  1,
  39.95
);

INSERT INTO ORDERITEMS VALUES (
  1006,
  1,
  '9959789321',
  1,
  54.50
);

INSERT INTO ORDERITEMS VALUES (
  1007,
  1,
  '3957136468',
  3,
  72.15
);

INSERT INTO ORDERITEMS VALUES (
  1007,
  2,
  '9959789321',
  1,
  54.50
);

INSERT INTO ORDERITEMS VALUES (
  1007,
  3,
  '8117949391',
  1,
  8.95
);

INSERT INTO ORDERITEMS VALUES (
  1007,
  4,
  '8843172113',
  1,
  55.95
);

INSERT INTO ORDERITEMS VALUES (
  1008,
  1,
  '3437212490',
  2,
  19.95
);

INSERT INTO ORDERITEMS VALUES (
  1009,
  1,
  '3437212490',
  1,
  19.95
);

INSERT INTO ORDERITEMS VALUES (
  1009,
  2,
  '0401140733',
  1,
  22.00
);

INSERT INTO ORDERITEMS VALUES (
  1010,
  1,
  '8843172113',
  1,
  55.95
);

INSERT INTO ORDERITEMS VALUES (
  1011,
  1,
  '2491748320',
  1,
  85.45
);

INSERT INTO ORDERITEMS VALUES (
  1012,
  1,
  '8117949391',
  1,
  8.95
);

INSERT INTO ORDERITEMS VALUES (
  1012,
  2,
  '1915762492',
  2,
  25.00
);

INSERT INTO ORDERITEMS VALUES (
  1012,
  3,
  '2491748320',
  1,
  85.45
);

INSERT INTO ORDERITEMS VALUES (
  1012,
  4,
  '0401140733',
  1,
  22.00
);

INSERT INTO ORDERITEMS VALUES (
  1013,
  1,
  '8843172113',
  1,
  55.95
);

INSERT INTO ORDERITEMS VALUES (
  1014,
  1,
  '0401140733',
  2,
  22.00
);

INSERT INTO ORDERITEMS VALUES (
  1015,
  1,
  '3437212490',
  1,
  19.95
);

INSERT INTO ORDERITEMS VALUES (
  1016,
  1,
  '2491748320',
  1,
  85.45
);

INSERT INTO ORDERITEMS VALUES (
  1017,
  1,
  '8117949391',
  2,
  8.95
);

INSERT INTO ORDERITEMS VALUES (
  1018,
  1,
  '3437212490',
  1,
  19.95
);

INSERT INTO ORDERITEMS VALUES (
  1018,
  2,
  '8843172113',
  1,
  55.95
);

INSERT INTO ORDERITEMS VALUES (
  1019,
  1,
  '0401140733',
  1,
  22.00
);

INSERT INTO ORDERITEMS VALUES (
  1020,
  1,
  '3437212490',
  1,
  19.95
);

CREATE TABLE BOOKAUTHOR (
  ISBN VARCHAR2(10),
  AUTHORID VARCHAR2(4),
  CONSTRAINT BOOKAUTHOR_PK PRIMARY KEY (ISBN, AUTHORID),
  CONSTRAINT BOOKAUTHOR_ISBN_FK FOREIGN KEY (ISBN) REFERENCES BOOKS (ISBN),
  CONSTRAINT BOOKAUTHOR_AUTHORID_FK FOREIGN KEY (AUTHORID) REFERENCES AUTHOR (AUTHORID)
);

INSERT INTO BOOKAUTHOR VALUES (
  '1059831198',
  'S100'
);

INSERT INTO BOOKAUTHOR VALUES (
  '1059831198',
  'P100'
);

INSERT INTO BOOKAUTHOR VALUES (
  '0401140733',
  'J100'
);

INSERT INTO BOOKAUTHOR VALUES (
  '4981341710',
  'K100'
);

INSERT INTO BOOKAUTHOR VALUES (
  '8843172113',
  'P105'
);

INSERT INTO BOOKAUTHOR VALUES (
  '8843172113',
  'A100'
);

INSERT INTO BOOKAUTHOR VALUES (
  '8843172113',
  'A105'
);

INSERT INTO BOOKAUTHOR VALUES (
  '3437212490',
  'B100'
);

INSERT INTO BOOKAUTHOR VALUES (
  '3957136468',
  'A100'
);

INSERT INTO BOOKAUTHOR VALUES (
  '1915762492',
  'W100'
);

INSERT INTO BOOKAUTHOR VALUES (
  '1915762492',
  'W105'
);

INSERT INTO BOOKAUTHOR VALUES (
  '9959789321',
  'J100'
);

INSERT INTO BOOKAUTHOR VALUES (
  '2491748320',
  'R100'
);

INSERT INTO BOOKAUTHOR VALUES (
  '2491748320',
  'F100'
);

INSERT INTO BOOKAUTHOR VALUES (
  '2491748320',
  'B100'
);

INSERT INTO BOOKAUTHOR VALUES (
  '0299282519',
  'S100'
);

INSERT INTO BOOKAUTHOR VALUES (
  '8117949391',
  'R100'
);

INSERT INTO BOOKAUTHOR VALUES (
  '0132149871',
  'S100'
);

INSERT INTO BOOKAUTHOR VALUES (
  '9247381001',
  'W100'
);

INSERT INTO BOOKAUTHOR VALUES (
  '2147428890',
  'W105'
);

CREATE TABLE PROMOTION (
  GIFT VARCHAR2(15),
  MINRETAIL NUMBER(5, 2),
  MAXRETAIL NUMBER(5, 2)
);

INSERT INTO PROMOTION VALUES (
  'BOOKMARKER',
  0,
  12
);

INSERT INTO PROMOTION VALUES (
  'BOOK LABELS',
  12.01,
  25
);

INSERT INTO PROMOTION VALUES (
  'BOOK COVER',
  25.01,
  56
);

INSERT INTO PROMOTION VALUES (
  'FREE SHIPPING',
  56.01,
  999.99
);

CREATE TABLE ACCTMANAGER (
  AMID CHAR(4),
  AMFIRST VARCHAR2(12) NOT NULL,
  AMLAST VARCHAR2(12) NOT NULL,
  AMEDATE DATE DEFAULT SYSDATE,
  AMSAL NUMBER(8, 2),
  AMCOMM NUMBER(7, 2) DEFAULT 0,
  REGION CHAR(2),
  CONSTRAINT ACCTMANAGER_AMID_PK PRIMARY KEY (AMID),
  CONSTRAINT ACCTMANAGER_REGION_CK CHECK (REGION IN ('N', 'NW', 'NE', 'S', 'SE', 'SW', 'W', 'E'))
);

CREATE TABLE ACCTBONUS (
  AMID CHAR(4),
  AMSAL NUMBER(8, 2),
  REGION CHAR(2),
  CONSTRAINT ACCTBONUS_AMID_PK PRIMARY KEY (AMID)
);

CREATE TABLE TESTING (
  ID NUMBER(2),
  TVALUE VARCHAR2(10),
  DESCRIP VARCHAR2(50)
);

INSERT INTO TESTING VALUES (
  1,
  '%ccAccT',
  'Value starts with special character'
);

INSERT INTO TESTING VALUES (
  2,
  NULL,
  'Value is NULL'
);

INSERT INTO TESTING VALUES (
  3,
  'bccAccT',
  'Value starts with a lowercase b'
);

INSERT INTO TESTING VALUES (
  4,
  '1ccAccT',
  'Value starts with a number'
);

INSERT INTO TESTING VALUES (
  5,
  'BccAccT',
  'Value starts with an uppercase B'
);

INSERT INTO TESTING VALUES (
  6,
  'CccAccT',
  'Value starts with an uppercase C'
);

INSERT INTO TESTING VALUES (
  7,
  ' ccAccT',
  'Value starts with a blank character'
);

COMMIT;

-- NGOC (Katie) NGUYEN
-- 1. Which customer live in NJ? List each customer's last name, first name and state
SELECT
  LASTNAME,
  FIRSTNAME,
  STATE
FROM
  CUSTOMERS
WHERE
  STATE = 'NJ';

-- NGOC (Katie) NGUYEN
-- 2. Which orders shipped after April 1, 2009. List each order number and date it shipped.
SELECT
  ORDER#,
  SHIPDATE
FROM
  ORDERS
WHERE
  SHIPDATE > '1-Apr-2009';

-- DATE AFTER



-- NGOC (Katie) NGUYEN
-- 3. Which books arent in the Fitness category? List each book title and category.
SELECT
  TITLE,
  CATEGORY
FROM
  BOOKS
WHERE
  CATEGORY = 'FITNESS';

-- NGOC (Katie) NGUYEN
-- 4. Which customers live in Georgia or NJ? Put the results in asc order by last name.
--List each customer's customer#, lastname and state. Do this in 2 different ways
SELECT
  CUSTOMER#,
  LASTNAME,
  STATE
FROM
  CUSTOMERS
WHERE
  STATE = 'NJ'
  OR STATE = 'GA'
ORDER BY
  LASTNAME ASC;

SELECT
  CUSTOMER#,
  LASTNAME,
  STATE
FROM
  CUSTOMERS
WHERE
  STATE IN ('NJ', 'GA')
ORDER BY
  LASTNAME ASC;

-- NGOC (Katie) NGUYEN
-- 5. WHich orders were placed on or before April 1, 2009? List each other number and order date. Write in 2 different ways
SELECT
  ORDER#,
  ORDERDATE
FROM
  ORDERS
WHERE
  ORDERDATE <= '1-Apr-2009';

SELECT
  ORDER#,
  ORDERDATE
FROM
  ORDERS
WHERE
  ORDERDATE < '2-Apr-2009';

-- NGOC (Katie) NGUYEN
-- 6. List all the authors whose last name contains the letter pattern 'IN'. Put the results in order of last name, then first name.
SELECT
  LNAME,
  FNAME
FROM
  AUTHOR
WHERE
  LNAME LIKE '%IN%';

-- NGOC (Katie) NGUYEN
-- 7. List all customers who were referred to the bookstore by another customer. List each customer's last name, and the number of the customer who made the referral.
SELECT
  LASTNAME,
  REFERRED
FROM
  CUSTOMERS
WHERE
  REFERRED IS NOT NULL;

-- NGOC (Katie) NGUYEN
-- 8. Display the book title and category for all books in the Children and Cooking categories. Create 3 different queris to accomplish this task:
-- a. A search pattern operation.
SELECT
  TITLE,
  CATEGORY
FROM
  BOOKS
WHERE
  CATEGORY IN ('CHILDREN', 'COOKING');

-- b. A logical operator, and
SELECT
  TITLE,
  CATEGORY
FROM
  BOOKS
WHERE
  CATEGORY = 'CHILDREN'
  OR CATEGORY = 'COOKING';

-- c. Another opertor not used in a or b
SELECT
  TITLE,
  CATEGORY
FROM
  BOOKS
WHERE
  CATEGORY LIKE 'CHI_D_EN'
  OR CATEGORY LIKE '%KING';

-- NGOC (Katie) NGUYEN
-- 9. Use the search pattern to find any book title with "A" for the second letter and "N" for fourth letter. List each book's ISBN and title. Sort the list by title in the descendng order. DELETE
SELECT
  ISBN,
  TITLE
FROM
  BOOKS
WHERE
  TITLE LIKE '_A_N%'
ORDER BY
  TITLE DESC;

-- NGOC (Katie) NGUYEN
-- List the title publish date of any computer book published in 2005. Perform the task of searching for the publish data using 3 different methods:
-- a. a range operator
SELECT
  TITLE,
  PUBDATE
FROM
  BOOKS
WHERE
  CATEGORY = 'COMPUTER'
  AND (PUBDATE BETWEEN '01-Jan-2005'
  AND '31-Dec-2005');

-- b. a logical operator:
SELECT
  TITLE,
  PUBDATE
FROM
  BOOKS
WHERE
  CATEGORY IN ('COMPUTER')
  AND EXTRACT (YEAR FROM PUBDATE) = 2005;

-- c. a search pattern operation:
SELECT
  TITLE,
  PUBDATE
FROM
  BOOKS
WHERE
  CATEGORY LIKE ('%PUTER')
  AND EXTRACT (YEAR FROM PUBDATE) LIKE '%05'